{"stats":{"minecraft:crafted":{"minecraft:cherry_planks":360,"minecraft:wooden_sword":2,"minecraft:oak_planks":164,"ars_nouveau:archwood_planks":32,"minecraft:furnace":2,"minecraft:stone":376,"minecraft:diamond_shovel":1,"minecraft:cooked_mutton":7,"minecraft:glass":18,"travelersbackpack:white_sleeping_bag":1,"minecraft:iron_boots":2,"ars_nouveau:novice_spell_book":1,"minecraft:iron_axe":1,"minecraft:cherry_stairs":40,"minecraft:stone_pickaxe":1,"minecraft:chest":4,"minecraft:wheat":135,"minecraft:cooked_beef":4,"minecraft:wooden_shovel":1,"minecraft:cooked_porkchop":12,"minecraft:crafting_table":5,"travelersbackpack:backpack_tank":3,"travelersbackpack:standard":1,"minecraft:baked_potato":11,"minecraft:wooden_pickaxe":2,"minecraft:iron_helmet":1,"minecraft:iron_sword":3,"minecraft:stone_axe":4,"minecraft:bread":45,"minecraft:air":0,"minecraft:oak_boat":1,"minecraft:stone_brick_stairs":11,"minecraft:book":1,"minecraft:white_wool":3,"minecraft:iron_chestplate":1,"minecraft:paper":3,"minecraft:charcoal":20,"minecraft:diamond_pickaxe":1,"minecraft:shield":1,"minecraft:stick":36,"minecraft:iron_ingot":50,"minecraft:iron_pickaxe":3,"minecraft:wooden_axe":2,"minecraft:stone_sword":1,"minecraft:gold_ingot":19,"minecraft:iron_shovel":2,"minecraft:iron_leggings":1,"minecraft:stonecutter":1,"minecraft:torch":84,"minecraft:clay":3},"minecraft:broken":{"minecraft:iron_shovel":1,"minecraft:iron_boots":1,"minecraft:iron_chestplate":1,"minecraft:iron_leggings":1,"takesapillage:ravager_horn":2,"minecraft:stone_pickaxe":1,"minecraft:stone_axe":3,"minecraft:iron_sword":2,"minecraft:iron_pickaxe":1,"minecraft:iron_helmet":1,"minecraft:wooden_axe":1},"minecraft:mined":{"minecraft:diamond_ore":2,"minecraft:tuff":9,"minecraft:deepslate_diamond_ore":9,"minecraft:cherry_log":236,"minecraft:cherry_sapling":13,"minecraft:obsidian":3,"minecraft:glow_lichen":1,"minecraft:budding_amethyst":2,"minecraft:granite":22,"minecraft:grass_block":849,"minecraft:moss_block":1,"minecraft:hay_block":13,"supplementaries:rope":1,"minecraft:furnace":10,"minecraft:carrots":3,"minecraft:iron_ore":54,"minecraft:cobbled_deepslate":1,"minecraft:andesite":3,"minecraft:gold_block":1,"minecraft:azure_bluet":14,"minecraft:brown_bed":4,"ars_nouveau:red_archwood_log":69,"minecraft:potatoes":1,"minecraft:deepslate_iron_ore":5,"minecraft:stripped_oak_log":1,"minecraft:stone":624,"minecraft:medium_amethyst_bud":2,"ars_nouveau:light_block":1,"minecraft:amethyst_cluster":2,"minecraft:dandelion":20,"minecraft:clay":3,"minecraft:oak_fence":4,"travelersbackpack:standard":3,"minecraft:crafting_table":10,"minecraft:torch":19,"minecraft:calcite":3,"minecraft:chest":2,"minecraft:copper_ore":3,"minecraft:tall_grass":8,"minecraft:cobblestone":13,"minecraft:deepslate_gold_ore":3,"minecraft:oak_planks":15,"minecraft:sugar_cane":6,"minecraft:wall_torch":4,"minecraft:diorite":18,"minecraft:amethyst_block":3,"minecraft:pink_petals":4,"supplementaries:urn":44,"ars_nouveau:blue_archwood_log":6,"ars_nouveau:archwood_planks":4,"minecraft:wheat":4,"minecraft:birch_leaves":3,"minecraft:tnt":3,"minecraft:stone_brick_stairs":5,"minecraft:grass":186,"minecraft:coal_ore":69,"minecraft:oak_log":69,"minecraft:cherry_leaves":1,"minecraft:sunflower":1,"minecraft:gravel":18,"minecraft:sand":33,"minecraft:dirt":919,"minecraft:cobweb":62,"minecraft:smooth_basalt":3,"minecraft:stone_bricks":3,"minecraft:small_dripleaf":1,"minecraft:gold_ore":13,"minecraft:oak_leaves":1,"minecraft:deepslate":91,"minecraft:large_amethyst_bud":1},"minecraft:picked_up":{"minecraft:allium":4,"ars_nouveau:red_archwood_log":57,"minecraft:cocoa_beans":2,"minecraft:crafting_table":10,"minecraft:wheat":4,"minecraft:azure_bluet":33,"minecraft:clay_ball":20,"minecraft:brown_bed":4,"minecraft:enchanted_book":2,"ars_nouveau:bombegranate_pod":3,"minecraft:stone_brick_stairs":5,"minecraft:amethyst_block":6,"ars_nouveau:archwood_planks":14,"minecraft:string":109,"minecraft:raw_copper":8,"takesapillage:ravager_horn":2,"supplementaries:bomb":5,"minecraft:gold_nugget":21,"minecraft:cobbled_deepslate":82,"minecraft:beef":8,"minecraft:oak_boat":1,"minecraft:calcite":2,"minecraft:chest":2,"minecraft:sugar_cane":8,"supplementaries:rope":1,"minecraft:iron_boots":3,"minecraft:furnace":10,"minecraft:raw_iron":58,"minecraft:stick":120,"minecraft:torch":304,"ars_nouveau:blue_archwood_log":6,"minecraft:porkchop":24,"minecraft:cherry_log":220,"tombstone:grave_dust":3,"minecraft:diorite":7,"minecraft:carrot":5,"minecraft:arrow":15,"minecraft:rotten_flesh":39,"supplementaries:antique_ink":6,"minecraft:hay_block":15,"supplementaries:ash":8,"minecraft:glow_berries":1,"minecraft:obsidian":3,"minecraft:mutton":10,"minecraft:white_wool":11,"minecraft:rail":2,"minecraft:cobblestone":644,"minecraft:stripped_oak_log":1,"minecraft:pink_petals":32,"minecraft:feather":4,"minecraft:leather":5,"minecraft:potato":9,"minecraft:flint":2,"minecraft:tuff":4,"minecraft:oak_log":136,"supplementaries:flax_seeds":1,"minecraft:gunpowder":1,"tombstone:voodoo_poppet":1,"minecraft:dirt":1763,"minecraft:white_banner":5,"tombstone:gift":2,"minecraft:cooked_mutton":1,"minecraft:glass":2,"minecraft:bone":21,"minecraft:apple":10,"minecraft:stone_bricks":3,"minecraft:bow":1,"minecraft:wheat_seeds":53,"minecraft:raw_gold":16,"minecraft:iron_ingot":4,"tombstone:bag_of_seeds":1,"minecraft:moss_block":1,"minecraft:oak_planks":18,"minecraft:book":1,"minecraft:smooth_basalt":5,"minecraft:dandelion":26,"minecraft:gravel":3,"minecraft:sand":32,"minecraft:amethyst_shard":8,"minecraft:bundle":3,"travelersbackpack:standard":3,"minecraft:pumpkin_seeds":3,"minecraft:diamond":11,"minecraft:stone_axe":1,"minecraft:crossbow":1,"minecraft:granite":14,"minecraft:cherry_sapling":131,"minecraft:bread":23,"minecraft:emerald":22,"tombstone:magic_scroll":1,"minecraft:oak_sapling":50,"minecraft:coal":130,"minecraft:sunflower":1,"ars_nouveau:magebloom_crop":1},"minecraft:used":{"minecraft:cherry_sapling":53,"minecraft:stone_sword":35,"minecraft:iron_shovel":259,"minecraft:chest":4,"minecraft:shield":23,"minecraft:iron_sword":419,"minecraft:rotten_flesh":22,"minecraft:torch":410,"minecraft:dirt":1225,"minecraft:mutton":1,"tombstone:scroll_of_aquatic_life":3,"minecraft:carrot":5,"minecraft:granite":5,"ars_nouveau:bombegranate_pod":3,"minecraft:glass":2,"minecraft:wooden_axe":99,"minecraft:iron_axe":113,"minecraft:stone_brick_stairs":22,"minecraft:stone_bricks":359,"minecraft:smooth_basalt":5,"minecraft:furnace":12,"tombstone:gift":10,"minecraft:potato":1,"minecraft:cooked_beef":4,"minecraft:cobbled_deepslate":57,"minecraft:cherry_log":130,"minecraft:brown_bed":4,"minecraft:wheat_seeds":16,"minecraft:cooked_mutton":7,"minecraft:diorite":2,"tombstone:scroll_of_reach":1,"minecraft:baked_potato":11,"minecraft:clay":3,"minecraft:oak_planks":13,"minecraft:sugar_cane":3,"minecraft:stone_pickaxe":131,"minecraft:wooden_pickaxe":50,"minecraft:stonecutter":1,"minecraft:glow_berries":10,"minecraft:rail":2,"minecraft:crafting_table":15,"supplementaries:bomb":1,"ars_nouveau:archwood_planks":4,"minecraft:crossbow":1,"tombstone:bag_of_seeds":2,"minecraft:oak_log":9,"minecraft:iron_pickaxe":312,"minecraft:diamond_pickaxe":528,"minecraft:apple":17,"minecraft:diamond_shovel":1479,"minecraft:string":3,"minecraft:bread":67,"minecraft:stone_axe":325,"supplementaries:rope":2,"minecraft:pink_petals":32,"minecraft:wooden_sword":53,"travelersbackpack:standard":21,"minecraft:cobblestone":73,"minecraft:white_banner":5,"minecraft:cooked_porkchop":12,"minecraft:oak_boat":2,"takesapillage:ravager_horn":3,"minecraft:moss_block":1},"minecraft:killed":{"minecraft:cave_spider":8,"minecraft:witch":1,"minecraft:vindicator":1,"minecraft:spider":9,"naturalist:robin":1,"minecraft:skeleton":12,"takesapillage:clay_golem":1,"minecraft:pig":5,"minecraft:zombie_villager":1,"takesapillage:skirmisher":2,"minecraft:creeper":2,"minecraft:sheep":8,"minecraft:pillager":8,"minecraft:zombie":47,"ars_nouveau:whirlisprig":1,"minecraft:cow":3},"minecraft:custom":{"minecraft:mob_kills":117,"minecraft:interact_with_crafting_table":55,"minecraft:open_barrel":6,"minecraft:bell_ring":10,"minecraft:leave_game":19,"minecraft:time_since_death":59936,"minecraft:climb_one_cm":3761,"minecraft:sprint_one_cm":1080166,"minecraft:walk_one_cm":1481212,"minecraft:damage_blocked_by_shield":920,"minecraft:drop":79,"minecraft:talked_to_villager":21,"minecraft:raid_win":1,"minecraft:play_time":427147,"minecraft:deaths":12,"minecraft:sneak_time":6599,"minecraft:walk_under_water_one_cm":31227,"minecraft:boat_one_cm":138126,"minecraft:jump":5414,"minecraft:walk_on_water_one_cm":43474,"minecraft:total_world_time":427147,"minecraft:interact_with_furnace":134,"tombstone:raider_killed":12,"minecraft:interact_with_loom":2,"minecraft:raid_trigger":1,"minecraft:interact_with_stonecutter":13,"minecraft:sleep_in_bed":21,"minecraft:time_since_rest":3271,"minecraft:damage_taken":8108,"minecraft:damage_dealt":20623,"tombstone:cast_on_ally":0,"minecraft:player_kills":1,"minecraft:swim_one_cm":39131,"minecraft:fly_one_cm":693788,"minecraft:crouch_one_cm":16518,"minecraft:open_chest":48,"tombstone:undead_killed":60,"minecraft:fall_one_cm":124853,"minecraft:interact_with_smithing_table":1},"minecraft:dropped":{"minecraft:iron_ingot":1,"minecraft:bread":8,"minecraft:wheat_seeds":3,"minecraft:feather":2,"minecraft:cobblestone":48,"minecraft:book":1,"minecraft:amethyst_block":6,"minecraft:coal":11,"minecraft:stick":6,"minecraft:dirt":5,"ars_nouveau:bombegranate_pod":1,"minecraft:diorite":5,"tombstone:grave_dust":2,"minecraft:sand":12,"minecraft:string":56,"travelersbackpack:backpack_tank":1,"tombstone:voodoo_poppet":1,"minecraft:bone":12,"minecraft:sugar_cane":2,"minecraft:stone_sword":1,"minecraft:cobbled_deepslate":19,"minecraft:cocoa_beans":2,"minecraft:tuff":4,"tombstone:gift":1,"minecraft:rotten_flesh":12,"minecraft:iron_boots":4,"minecraft:cooked_mutton":1,"minecraft:pumpkin_seeds":3,"supplementaries:antique_ink":3,"supplementaries:flax_seeds":1,"minecraft:potato":16,"minecraft:gunpowder":1,"minecraft:bundle":2,"minecraft:bow":1,"minecraft:arrow":10,"minecraft:calcite":2},"minecraft:killed_by":{"minecraft:player":2,"minecraft:ravager":1,"takesapillage:skirmisher":1,"minecraft:vindicator":1}},"DataVersion":3465}