{"stats":{"minecraft:mined":{"minecraft:large_amethyst_bud":1,"minecraft:diamond_ore":2,"minecraft:tuff":9,"minecraft:deepslate_diamond_ore":9,"minecraft:cherry_log":192,"minecraft:cherry_sapling":11,"minecraft:obsidian":3,"minecraft:glow_lichen":1,"minecraft:budding_amethyst":2,"minecraft:granite":22,"minecraft:grass_block":208,"minecraft:moss_block":1,"minecraft:hay_block":13,"supplementaries:rope":1,"minecraft:furnace":10,"minecraft:carrots":3,"minecraft:iron_ore":48,"minecraft:cobbled_deepslate":1,"minecraft:andesite":3,"minecraft:azure_bluet":13,"minecraft:gold_block":1,"minecraft:brown_bed":4,"minecraft:potatoes":1,"ars_nouveau:red_archwood_log":69,"minecraft:deepslate_iron_ore":5,"minecraft:stripped_oak_log":1,"minecraft:stone":180,"minecraft:dandelion":8,"minecraft:medium_amethyst_bud":2,"ars_nouveau:light_block":1,"minecraft:amethyst_cluster":2,"minecraft:clay":3,"minecraft:oak_fence":4,"travelersbackpack:standard":3,"minecraft:crafting_table":10,"minecraft:torch":9,"minecraft:calcite":3,"minecraft:chest":2,"minecraft:copper_ore":3,"minecraft:tall_grass":7,"minecraft:cobblestone":2,"minecraft:deepslate_gold_ore":3,"minecraft:sugar_cane":5,"minecraft:oak_planks":15,"minecraft:wall_torch":3,"minecraft:diorite":18,"minecraft:amethyst_block":3,"minecraft:pink_petals":4,"supplementaries:urn":44,"ars_nouveau:blue_archwood_log":6,"minecraft:wheat":4,"ars_nouveau:archwood_planks":4,"minecraft:birch_leaves":3,"minecraft:tnt":3,"minecraft:grass":121,"minecraft:oak_log":69,"minecraft:coal_ore":41,"minecraft:cherry_leaves":1,"minecraft:sunflower":1,"minecraft:gravel":15,"minecraft:sand":33,"minecraft:dirt":336,"minecraft:cobweb":62,"minecraft:smooth_basalt":3,"minecraft:small_dripleaf":1,"minecraft:gold_ore":13,"minecraft:oak_leaves":1,"minecraft:deepslate":91},"minecraft:picked_up":{"ars_nouveau:red_archwood_log":57,"minecraft:cocoa_beans":2,"minecraft:crafting_table":10,"minecraft:allium":4,"minecraft:azure_bluet":28,"minecraft:clay_ball":20,"minecraft:brown_bed":4,"minecraft:enchanted_book":2,"ars_nouveau:bombegranate_pod":3,"minecraft:amethyst_block":6,"ars_nouveau:archwood_planks":14,"minecraft:string":109,"minecraft:raw_copper":8,"takesapillage:ravager_horn":2,"supplementaries:bomb":5,"minecraft:gold_nugget":21,"minecraft:cobbled_deepslate":82,"minecraft:beef":8,"minecraft:oak_boat":1,"minecraft:calcite":2,"minecraft:sugar_cane":8,"supplementaries:rope":1,"minecraft:chest":2,"minecraft:iron_boots":3,"minecraft:furnace":10,"minecraft:stick":100,"minecraft:raw_iron":52,"minecraft:torch":292,"ars_nouveau:blue_archwood_log":6,"minecraft:porkchop":24,"minecraft:cherry_log":176,"tombstone:grave_dust":3,"minecraft:diorite":7,"minecraft:carrot":5,"minecraft:arrow":15,"minecraft:rotten_flesh":32,"supplementaries:antique_ink":6,"minecraft:hay_block":15,"supplementaries:ash":6,"minecraft:glow_berries":1,"minecraft:obsidian":3,"minecraft:mutton":10,"minecraft:rail":2,"minecraft:white_wool":11,"minecraft:cobblestone":224,"minecraft:stripped_oak_log":1,"minecraft:pink_petals":32,"minecraft:feather":4,"minecraft:leather":5,"minecraft:potato":9,"minecraft:flint":2,"minecraft:tuff":4,"minecraft:oak_log":136,"supplementaries:flax_seeds":1,"minecraft:gunpowder":1,"tombstone:voodoo_poppet":1,"minecraft:dirt":548,"minecraft:white_banner":5,"tombstone:gift":2,"minecraft:cooked_mutton":1,"minecraft:glass":2,"minecraft:bone":21,"minecraft:apple":10,"minecraft:bow":1,"minecraft:wheat_seeds":38,"minecraft:raw_gold":16,"minecraft:iron_ingot":4,"tombstone:bag_of_seeds":1,"minecraft:moss_block":1,"minecraft:oak_planks":18,"minecraft:book":1,"minecraft:smooth_basalt":5,"minecraft:dandelion":7,"minecraft:sand":32,"minecraft:amethyst_shard":8,"minecraft:bundle":3,"travelersbackpack:standard":3,"minecraft:pumpkin_seeds":3,"minecraft:stone_axe":1,"minecraft:diamond":11,"minecraft:crossbow":1,"minecraft:granite":14,"minecraft:cherry_sapling":87,"minecraft:bread":23,"minecraft:emerald":22,"tombstone:magic_scroll":1,"minecraft:oak_sapling":50,"minecraft:coal":102,"minecraft:wheat":4,"minecraft:sunflower":1,"ars_nouveau:magebloom_crop":1},"minecraft:custom":{"minecraft:interact_with_smithing_table":1,"minecraft:mob_kills":110,"minecraft:interact_with_crafting_table":44,"minecraft:open_barrel":6,"minecraft:bell_ring":10,"minecraft:leave_game":17,"minecraft:time_since_death":37651,"minecraft:climb_one_cm":2671,"minecraft:sprint_one_cm":871497,"minecraft:walk_one_cm":1006874,"minecraft:damage_blocked_by_shield":920,"minecraft:drop":79,"minecraft:talked_to_villager":15,"minecraft:raid_win":1,"minecraft:play_time":296041,"minecraft:deaths":11,"minecraft:sneak_time":4551,"minecraft:walk_under_water_one_cm":26990,"minecraft:boat_one_cm":138126,"minecraft:jump":3676,"minecraft:walk_on_water_one_cm":30662,"minecraft:total_world_time":296041,"minecraft:interact_with_furnace":78,"tombstone:raider_killed":12,"minecraft:interact_with_loom":2,"minecraft:raid_trigger":1,"minecraft:sleep_in_bed":12,"minecraft:time_since_rest":12273,"minecraft:damage_taken":6998,"minecraft:damage_dealt":19698,"tombstone:cast_on_ally":0,"minecraft:player_kills":1,"minecraft:swim_one_cm":35199,"minecraft:fly_one_cm":552914,"minecraft:open_chest":32,"minecraft:crouch_one_cm":10389,"tombstone:undead_killed":55,"minecraft:fall_one_cm":86529},"minecraft:killed":{"minecraft:cave_spider":8,"minecraft:witch":1,"minecraft:vindicator":1,"minecraft:spider":9,"naturalist:robin":1,"minecraft:skeleton":12,"takesapillage:clay_golem":1,"minecraft:pig":5,"minecraft:zombie_villager":1,"takesapillage:skirmisher":2,"minecraft:creeper":2,"minecraft:sheep":8,"minecraft:pillager":8,"minecraft:zombie":42,"ars_nouveau:whirlisprig":1,"minecraft:cow":3},"minecraft:crafted":{"minecraft:wooden_sword":2,"minecraft:oak_planks":164,"ars_nouveau:archwood_planks":32,"minecraft:furnace":1,"minecraft:diamond_shovel":1,"minecraft:cooked_mutton":5,"minecraft:glass":18,"ars_nouveau:novice_spell_book":1,"travelersbackpack:white_sleeping_bag":1,"minecraft:iron_boots":2,"minecraft:iron_axe":1,"minecraft:stone_pickaxe":1,"minecraft:chest":4,"minecraft:wheat":135,"minecraft:cooked_beef":4,"minecraft:wooden_shovel":1,"minecraft:cooked_porkchop":12,"minecraft:crafting_table":5,"travelersbackpack:backpack_tank":3,"minecraft:iron_helmet":1,"minecraft:wooden_pickaxe":2,"travelersbackpack:standard":1,"minecraft:iron_sword":3,"minecraft:stone_axe":2,"minecraft:bread":45,"minecraft:air":0,"minecraft:oak_boat":1,"minecraft:book":1,"minecraft:paper":3,"minecraft:white_wool":3,"minecraft:iron_chestplate":1,"minecraft:diamond_pickaxe":1,"minecraft:shield":1,"minecraft:stick":36,"minecraft:iron_ingot":48,"minecraft:iron_pickaxe":3,"minecraft:iron_shovel":2,"minecraft:wooden_axe":2,"minecraft:stone_sword":1,"minecraft:iron_leggings":1,"minecraft:gold_ingot":19,"minecraft:torch":84,"minecraft:clay":3},"minecraft:broken":{"minecraft:iron_shovel":1,"minecraft:iron_boots":1,"minecraft:iron_chestplate":1,"minecraft:iron_leggings":1,"takesapillage:ravager_horn":2,"minecraft:stone_pickaxe":1,"minecraft:stone_axe":3,"minecraft:iron_sword":2,"minecraft:iron_pickaxe":1,"minecraft:iron_helmet":1,"minecraft:wooden_axe":1},"minecraft:used":{"minecraft:cherry_sapling":52,"minecraft:stone_sword":35,"minecraft:iron_shovel":259,"minecraft:chest":4,"minecraft:shield":23,"minecraft:iron_sword":419,"minecraft:rotten_flesh":11,"minecraft:torch":396,"minecraft:dirt":92,"minecraft:mutton":1,"tombstone:scroll_of_aquatic_life":3,"minecraft:carrot":5,"minecraft:granite":5,"ars_nouveau:bombegranate_pod":3,"minecraft:glass":2,"minecraft:wooden_axe":99,"minecraft:iron_axe":113,"minecraft:smooth_basalt":5,"minecraft:furnace":11,"tombstone:gift":10,"minecraft:cooked_beef":4,"minecraft:cobbled_deepslate":57,"minecraft:cherry_log":130,"minecraft:brown_bed":4,"minecraft:wheat_seeds":16,"minecraft:cooked_mutton":5,"minecraft:diorite":2,"tombstone:scroll_of_reach":1,"minecraft:oak_planks":13,"minecraft:stone_pickaxe":131,"minecraft:sugar_cane":3,"minecraft:wooden_pickaxe":38,"minecraft:clay":3,"minecraft:glow_berries":10,"minecraft:rail":2,"minecraft:crafting_table":15,"supplementaries:bomb":1,"ars_nouveau:archwood_planks":4,"minecraft:crossbow":1,"tombstone:bag_of_seeds":2,"minecraft:oak_log":9,"minecraft:apple":13,"minecraft:diamond_pickaxe":36,"minecraft:diamond_shovel":264,"minecraft:string":3,"minecraft:bread":65,"minecraft:iron_pickaxe":312,"supplementaries:rope":2,"minecraft:stone_axe":259,"minecraft:pink_petals":32,"minecraft:wooden_sword":53,"minecraft:cobblestone":62,"travelersbackpack:standard":19,"minecraft:white_banner":5,"minecraft:cooked_porkchop":12,"minecraft:oak_boat":2,"takesapillage:ravager_horn":3,"minecraft:moss_block":1},"minecraft:killed_by":{"minecraft:player":2,"minecraft:ravager":1,"takesapillage:skirmisher":1,"minecraft:vindicator":1},"minecraft:dropped":{"minecraft:iron_ingot":1,"minecraft:bread":8,"minecraft:wheat_seeds":3,"minecraft:feather":2,"minecraft:cobblestone":48,"minecraft:book":1,"minecraft:amethyst_block":6,"minecraft:coal":11,"minecraft:stick":6,"minecraft:dirt":5,"ars_nouveau:bombegranate_pod":1,"minecraft:diorite":5,"tombstone:grave_dust":2,"minecraft:sand":12,"minecraft:string":56,"travelersbackpack:backpack_tank":1,"tombstone:voodoo_poppet":1,"minecraft:bone":12,"minecraft:sugar_cane":2,"minecraft:stone_sword":1,"minecraft:cobbled_deepslate":19,"minecraft:cocoa_beans":2,"minecraft:tuff":4,"tombstone:gift":1,"minecraft:rotten_flesh":12,"minecraft:iron_boots":4,"minecraft:cooked_mutton":1,"minecraft:pumpkin_seeds":3,"supplementaries:antique_ink":3,"supplementaries:flax_seeds":1,"minecraft:potato":16,"minecraft:gunpowder":1,"minecraft:bundle":2,"minecraft:arrow":10,"minecraft:bow":1,"minecraft:calcite":2}},"DataVersion":3465}