{"stats":{"minecraft:used":{"minecraft:stone_sword":35,"minecraft:chest":1,"minecraft:shield":12,"minecraft:iron_sword":336,"minecraft:rotten_flesh":6,"minecraft:torch":357,"minecraft:dirt":15,"minecraft:mutton":1,"tombstone:scroll_of_aquatic_life":3,"minecraft:granite":5,"ars_nouveau:bombegranate_pod":3,"minecraft:glass":2,"minecraft:wooden_axe":4,"minecraft:iron_axe":110,"minecraft:smooth_basalt":5,"minecraft:furnace":8,"tombstone:gift":4,"minecraft:cooked_beef":4,"minecraft:cobbled_deepslate":57,"minecraft:brown_bed":3,"minecraft:cooked_mutton":5,"minecraft:diorite":2,"tombstone:scroll_of_reach":1,"minecraft:oak_planks":13,"minecraft:stone_pickaxe":131,"minecraft:wooden_pickaxe":16,"minecraft:clay":3,"minecraft:rail":2,"minecraft:crafting_table":13,"supplementaries:bomb":1,"ars_nouveau:archwood_planks":4,"tombstone:bag_of_seeds":2,"minecraft:oak_log":9,"minecraft:diamond_pickaxe":6,"minecraft:string":3,"minecraft:bread":40,"minecraft:iron_pickaxe":311,"supplementaries:rope":2,"minecraft:stone_axe":118,"minecraft:wooden_sword":30,"minecraft:cobblestone":44,"travelersbackpack:standard":13,"minecraft:cooked_porkchop":12,"minecraft:oak_boat":1,"minecraft:moss_block":1},"minecraft:killed_by":{"minecraft:player":1},"minecraft:crafted":{"minecraft:wooden_sword":1,"minecraft:oak_planks":44,"ars_nouveau:archwood_planks":32,"minecraft:furnace":1,"minecraft:cooked_mutton":5,"minecraft:glass":18,"travelersbackpack:white_sleeping_bag":1,"minecraft:iron_boots":2,"minecraft:iron_axe":1,"minecraft:stone_pickaxe":1,"minecraft:chest":2,"minecraft:wheat":117,"minecraft:cooked_beef":4,"minecraft:wooden_shovel":1,"minecraft:cooked_porkchop":12,"minecraft:crafting_table":4,"travelersbackpack:backpack_tank":3,"minecraft:iron_helmet":1,"minecraft:wooden_pickaxe":1,"travelersbackpack:standard":1,"minecraft:iron_sword":2,"minecraft:stone_axe":1,"minecraft:bread":39,"minecraft:air":0,"minecraft:oak_boat":1,"minecraft:white_wool":3,"minecraft:iron_chestplate":1,"minecraft:diamond_pickaxe":1,"minecraft:shield":1,"minecraft:stick":28,"minecraft:iron_ingot":46,"minecraft:iron_pickaxe":2,"minecraft:wooden_axe":1,"minecraft:stone_sword":1,"minecraft:iron_leggings":1,"minecraft:gold_ingot":19,"minecraft:torch":84,"minecraft:clay":3},"minecraft:picked_up":{"ars_nouveau:red_archwood_log":57,"minecraft:cocoa_beans":2,"minecraft:crafting_table":10,"minecraft:allium":4,"minecraft:clay_ball":20,"minecraft:brown_bed":4,"minecraft:enchanted_book":2,"ars_nouveau:bombegranate_pod":3,"minecraft:amethyst_block":6,"ars_nouveau:archwood_planks":14,"minecraft:string":107,"minecraft:raw_copper":8,"supplementaries:bomb":5,"minecraft:gold_nugget":21,"minecraft:cobbled_deepslate":82,"minecraft:beef":8,"minecraft:oak_boat":1,"minecraft:calcite":2,"supplementaries:rope":1,"minecraft:chest":1,"minecraft:iron_boots":3,"minecraft:furnace":9,"minecraft:stick":43,"minecraft:raw_iron":52,"minecraft:torch":287,"ars_nouveau:blue_archwood_log":6,"minecraft:porkchop":24,"tombstone:grave_dust":2,"minecraft:diorite":7,"minecraft:arrow":14,"minecraft:rotten_flesh":18,"supplementaries:antique_ink":6,"minecraft:hay_block":13,"supplementaries:ash":6,"minecraft:glow_berries":1,"minecraft:obsidian":3,"minecraft:mutton":8,"minecraft:rail":2,"minecraft:white_wool":10,"minecraft:cobblestone":189,"minecraft:stripped_oak_log":1,"minecraft:feather":4,"minecraft:leather":3,"minecraft:potato":8,"minecraft:flint":1,"minecraft:tuff":4,"minecraft:oak_log":136,"supplementaries:flax_seeds":1,"minecraft:gunpowder":1,"tombstone:voodoo_poppet":1,"minecraft:dirt":26,"tombstone:gift":2,"minecraft:cooked_mutton":1,"minecraft:glass":2,"minecraft:bone":21,"minecraft:apple":10,"minecraft:bow":1,"minecraft:wheat_seeds":5,"minecraft:raw_gold":16,"minecraft:iron_ingot":4,"tombstone:bag_of_seeds":1,"minecraft:moss_block":1,"minecraft:oak_planks":18,"minecraft:book":1,"minecraft:smooth_basalt":5,"minecraft:sand":32,"minecraft:amethyst_shard":8,"travelersbackpack:standard":1,"minecraft:bundle":3,"minecraft:pumpkin_seeds":3,"minecraft:diamond":11,"minecraft:granite":14,"minecraft:bread":23,"minecraft:emerald":19,"tombstone:magic_scroll":1,"minecraft:oak_sapling":50,"minecraft:coal":88,"ars_nouveau:magebloom_crop":1},"minecraft:dropped":{"minecraft:iron_ingot":1,"minecraft:bread":8,"minecraft:wheat_seeds":3,"minecraft:feather":2,"minecraft:cobblestone":48,"minecraft:book":1,"minecraft:amethyst_block":6,"minecraft:coal":11,"minecraft:stick":6,"minecraft:dirt":5,"ars_nouveau:bombegranate_pod":1,"minecraft:diorite":5,"tombstone:grave_dust":2,"minecraft:sand":12,"minecraft:string":54,"travelersbackpack:backpack_tank":1,"tombstone:voodoo_poppet":1,"minecraft:bone":12,"minecraft:stone_sword":1,"minecraft:cobbled_deepslate":19,"minecraft:cocoa_beans":2,"minecraft:tuff":4,"tombstone:gift":1,"minecraft:rotten_flesh":12,"minecraft:iron_boots":4,"minecraft:cooked_mutton":1,"minecraft:pumpkin_seeds":3,"supplementaries:antique_ink":3,"supplementaries:flax_seeds":1,"minecraft:potato":16,"minecraft:gunpowder":1,"minecraft:bundle":2,"minecraft:arrow":10,"minecraft:bow":1,"minecraft:calcite":2},"minecraft:mined":{"minecraft:large_amethyst_bud":1,"minecraft:diamond_ore":2,"minecraft:tuff":9,"minecraft:deepslate_diamond_ore":9,"minecraft:obsidian":3,"minecraft:glow_lichen":1,"minecraft:budding_amethyst":2,"minecraft:granite":22,"minecraft:grass_block":5,"minecraft:moss_block":1,"minecraft:hay_block":13,"supplementaries:rope":1,"minecraft:furnace":9,"minecraft:iron_ore":48,"minecraft:cobbled_deepslate":1,"minecraft:andesite":3,"minecraft:brown_bed":4,"ars_nouveau:red_archwood_log":69,"minecraft:deepslate_iron_ore":5,"minecraft:stripped_oak_log":1,"minecraft:stone":144,"minecraft:medium_amethyst_bud":2,"ars_nouveau:light_block":1,"minecraft:amethyst_cluster":2,"travelersbackpack:standard":1,"minecraft:clay":3,"minecraft:oak_fence":4,"minecraft:crafting_table":10,"minecraft:torch":6,"minecraft:calcite":3,"minecraft:chest":1,"minecraft:copper_ore":3,"minecraft:tall_grass":4,"minecraft:cobblestone":2,"minecraft:deepslate_gold_ore":3,"minecraft:oak_planks":15,"minecraft:wall_torch":3,"minecraft:diorite":18,"minecraft:amethyst_block":3,"supplementaries:urn":44,"ars_nouveau:blue_archwood_log":6,"ars_nouveau:archwood_planks":4,"minecraft:birch_leaves":3,"minecraft:tnt":3,"minecraft:grass":17,"minecraft:oak_log":69,"minecraft:coal_ore":41,"minecraft:gravel":13,"minecraft:sand":33,"minecraft:dirt":16,"minecraft:cobweb":62,"minecraft:smooth_basalt":3,"minecraft:small_dripleaf":1,"minecraft:gold_ore":13,"minecraft:oak_leaves":1,"minecraft:deepslate":91},"minecraft:broken":{"minecraft:stone_pickaxe":1,"minecraft:stone_axe":1,"minecraft:iron_sword":1,"minecraft:iron_pickaxe":1,"minecraft:iron_helmet":1},"minecraft:custom":{"minecraft:interact_with_smithing_table":1,"minecraft:mob_kills":85,"minecraft:interact_with_crafting_table":36,"minecraft:open_barrel":6,"minecraft:leave_game":8,"minecraft:time_since_death":1131,"minecraft:climb_one_cm":2671,"minecraft:sprint_one_cm":462002,"minecraft:walk_one_cm":612015,"minecraft:damage_blocked_by_shield":445,"minecraft:drop":76,"minecraft:talked_to_villager":5,"minecraft:play_time":185422,"minecraft:deaths":4,"minecraft:sneak_time":3173,"minecraft:walk_under_water_one_cm":23188,"minecraft:boat_one_cm":54274,"minecraft:jump":1845,"minecraft:walk_on_water_one_cm":22373,"minecraft:total_world_time":185422,"minecraft:interact_with_furnace":70,"tombstone:raider_killed":1,"minecraft:interact_with_loom":2,"minecraft:sleep_in_bed":7,"minecraft:time_since_rest":1051,"minecraft:damage_taken":4087,"minecraft:damage_dealt":14690,"tombstone:cast_on_ally":0,"minecraft:swim_one_cm":29570,"minecraft:fly_one_cm":250921,"minecraft:open_chest":20,"minecraft:crouch_one_cm":6155,"tombstone:undead_killed":47,"minecraft:fall_one_cm":44434},"minecraft:killed":{"minecraft:cave_spider":8,"minecraft:witch":1,"minecraft:spider":7,"naturalist:robin":1,"minecraft:skeleton":11,"takesapillage:clay_golem":1,"minecraft:pig":5,"minecraft:zombie_villager":1,"minecraft:creeper":2,"minecraft:sheep":7,"minecraft:zombie":35,"minecraft:cow":2}},"DataVersion":3465}