{"stats":{"minecraft:crafted":{"minecraft:furnace":1},"minecraft:mined":{"minecraft:furnace":1},"minecraft:used":{"minecraft:wooden_pickaxe":1,"minecraft:furnace":2},"minecraft:custom":{"minecraft:jump":9,"minecraft:time_since_rest":17865,"minecraft:leave_game":2,"minecraft:play_time":17865,"minecraft:interact_with_furnace":1,"minecraft:sprint_one_cm":1247,"minecraft:walk_one_cm":1881,"minecraft:time_since_death":17865,"minecraft:total_world_time":17865,"minecraft:interact_with_crafting_table":1,"minecraft:fly_one_cm":1873},"minecraft:picked_up":{"minecraft:furnace":1}},"DataVersion":3465}