{"stats":{"minecraft:crafted":{"minecraft:furnace":1},"minecraft:used":{"minecraft:water_bucket":176,"minecraft:grass_block":7,"minecraft:oak_planks":8,"minecraft:netherite_axe":28,"minecraft:wooden_pickaxe":1,"minecraft:stone":52,"minecraft:torch":52,"minecraft:dirt":547,"minecraft:furnace":2,"minecraft:oak_boat":1,"minecraft:cherry_log":19},"minecraft:custom":{"minecraft:time_since_rest":6219,"minecraft:interact_with_furnace":1,"minecraft:sprint_one_cm":1475,"minecraft:walk_one_cm":181745,"minecraft:mob_kills":4,"minecraft:damage_dealt":1119,"minecraft:interact_with_crafting_table":1,"minecraft:fly_one_cm":372025,"minecraft:crouch_one_cm":1974,"minecraft:play_time":93924,"minecraft:sneak_time":3002,"minecraft:walk_under_water_one_cm":2293,"minecraft:boat_one_cm":21375,"tombstone:villager_killed":1,"minecraft:jump":208,"minecraft:leave_game":3,"minecraft:time_since_death":93924,"minecraft:walk_on_water_one_cm":15034,"minecraft:sleep_in_bed":2,"minecraft:total_world_time":93924},"minecraft:killed":{"minecraft:trader_llama":2,"minecraft:wandering_trader":1,"minecraft:creeper":1},"minecraft:mined":{"minecraft:furnace":1,"minecraft:cherry_log":13,"minecraft:cherry_leaves":1},"minecraft:picked_up":{"minecraft:stick":10,"minecraft:azure_bluet":1,"minecraft:bee_nest":1,"minecraft:leather":3,"minecraft:torch":2,"minecraft:lead":2,"minecraft:dandelion":19,"minecraft:cherry_log":1,"minecraft:gunpowder":1,"minecraft:arrow":2,"minecraft:bone":2,"minecraft:wheat_seeds":10,"minecraft:cherry_sapling":13,"minecraft:sugar_cane":3,"minecraft:furnace":1}},"DataVersion":3465}