{"stats":{"minecraft:killed":{"minecraft:cave_spider":4,"minecraft:spider":9,"minecraft:skeleton":12,"minecraft:chicken":1,"naturalist:bass":2,"minecraft:drowned":1,"minecraft:zombie_villager":1,"minecraft:salmon":2,"minecraft:bat":1,"minecraft:creeper":1,"naturalist:finch":2,"minecraft:zombie":22,"minecraft:glow_squid":1,"minecraft:cow":8},"minecraft:crafted":{"minecraft:oak_planks":44,"minecraft:stone_shovel":1,"travelersbackpack:iron":1,"minecraft:coal":9,"minecraft:cooked_chicken":1,"minecraft:furnace":2,"minecraft:cooked_mutton":3,"minecraft:bow":2,"minecraft:iron_boots":1,"minecraft:stone_pickaxe":1,"minecraft:chest":1,"minecraft:cooked_beef":15,"minecraft:coal_block":10,"travelersbackpack:iron_tier_upgrade":1,"minecraft:crafting_table":3,"minecraft:iron_helmet":1,"minecraft:wooden_pickaxe":1,"minecraft:baked_potato":14,"minecraft:iron_sword":1,"minecraft:bucket":1,"minecraft:stone_axe":1,"minecraft:air":0,"minecraft:iron_chestplate":1,"minecraft:shield":1,"minecraft:stick":20,"minecraft:iron_ingot":84,"minecraft:iron_pickaxe":3,"minecraft:stone_sword":1,"minecraft:iron_leggings":1,"minecraft:gold_ingot":4,"minecraft:white_bed":1,"minecraft:torch":60,"minecraft:shears":1},"minecraft:custom":{"minecraft:interact_with_smithing_table":14,"minecraft:mob_kills":68,"minecraft:interact_with_crafting_table":31,"minecraft:bell_ring":7,"minecraft:leave_game":5,"minecraft:time_since_death":10126,"minecraft:sprint_one_cm":236681,"minecraft:walk_one_cm":416857,"minecraft:damage_blocked_by_shield":860,"minecraft:drop":61,"minecraft:talked_to_villager":6,"minecraft:play_time":208743,"minecraft:deaths":5,"minecraft:sneak_time":10181,"minecraft:walk_under_water_one_cm":51358,"minecraft:boat_one_cm":41056,"minecraft:jump":1418,"minecraft:walk_on_water_one_cm":34409,"minecraft:total_world_time":208743,"minecraft:interact_with_furnace":58,"minecraft:sleep_in_bed":4,"minecraft:time_since_rest":9837,"minecraft:damage_taken":2692,"minecraft:damage_dealt":12097,"minecraft:player_kills":2,"minecraft:swim_one_cm":37680,"minecraft:fly_one_cm":236637,"minecraft:open_chest":13,"minecraft:crouch_one_cm":23912,"tombstone:undead_killed":36,"minecraft:fall_one_cm":32765},"minecraft:broken":{"minecraft:stone_sword":1,"minecraft:wooden_pickaxe":1,"minecraft:stone_pickaxe":1},"minecraft:picked_up":{"minecraft:crafting_table":8,"minecraft:chicken":1,"ars_nouveau:bombegranate_pod":1,"minecraft:string":131,"minecraft:raw_copper":45,"minecraft:cobbled_deepslate":37,"minecraft:beef":15,"minecraft:birch_sapling":8,"minecraft:furnace":5,"minecraft:egg":1,"minecraft:stick":20,"minecraft:raw_iron":98,"minecraft:oak_fence":2,"travelersbackpack:netherite_tier_upgrade":3,"minecraft:torch":9,"travelersbackpack:iron_tier_upgrade":3,"travelersbackpack:diamond_tier_upgrade":3,"tombstone:grave_dust":10,"minecraft:diorite":15,"travelersbackpack:iron":1,"minecraft:arrow":7,"minecraft:rotten_flesh":22,"minecraft:hay_block":33,"tombstone:essence_of_undeath":2,"minecraft:mutton":3,"minecraft:rail":34,"minecraft:white_wool":15,"minecraft:cobblestone":91,"minecraft:birch_log":24,"minecraft:andesite":8,"minecraft:salmon":1,"minecraft:leather":74,"minecraft:potato":16,"minecraft:oak_log":34,"minecraft:gunpowder":2,"travelersbackpack:gold_tier_upgrade":3,"minecraft:dirt":36,"minecraft:glass":16,"minecraft:bone":10,"minecraft:bow":1,"minecraft:wheat_seeds":4,"minecraft:raw_gold":4,"travelersbackpack:bee":1,"tombstone:bag_of_seeds":1,"minecraft:iron_sword":1,"minecraft:oak_planks":5,"travelersbackpack:blank_upgrade":3,"minecraft:smooth_basalt":1,"minecraft:gravel":16,"minecraft:sand":90,"minecraft:amethyst_shard":8,"minecraft:white_bed":3,"minecraft:spider_eye":14,"travelersbackpack:wolf":1,"minecraft:bundle":1,"travelersbackpack:standard":3,"minecraft:granite":2,"minecraft:bread":7,"minecraft:oak_sapling":24,"minecraft:coal":164},"minecraft:used":{"minecraft:oak_fence":2,"minecraft:stone_sword":132,"minecraft:stone_shovel":42,"minecraft:chest":1,"minecraft:shield":32,"minecraft:iron_sword":118,"minecraft:cooked_chicken":1,"minecraft:rotten_flesh":18,"minecraft:torch":29,"minecraft:dirt":22,"travelersbackpack:iron":10,"ars_nouveau:bombegranate_pod":1,"minecraft:birch_sapling":8,"minecraft:iron_boots":1,"minecraft:oak_sapling":17,"minecraft:furnace":6,"tombstone:gift":5,"minecraft:egg":1,"minecraft:potato":5,"minecraft:cobbled_deepslate":15,"minecraft:cooked_mutton":3,"minecraft:water_bucket":62,"minecraft:stone_pickaxe":136,"minecraft:baked_potato":11,"minecraft:wooden_pickaxe":59,"minecraft:sand":1,"minecraft:crafting_table":9,"minecraft:white_bed":4,"travelersbackpack:wolf":1,"minecraft:shears":1,"tombstone:bag_of_seeds":2,"minecraft:bread":7,"minecraft:iron_pickaxe":210,"minecraft:stone_axe":118,"minecraft:cobblestone":6,"travelersbackpack:standard":5,"minecraft:bucket":63},"minecraft:killed_by":{"minecraft:player":1,"minecraft:zombie":1},"minecraft:mined":{"minecraft:white_bed":3,"minecraft:oak_sapling":1,"minecraft:granite":2,"minecraft:grass_block":5,"travelersbackpack:iron":1,"minecraft:kelp":1,"minecraft:hay_block":33,"minecraft:furnace":5,"minecraft:iron_ore":90,"minecraft:cobbled_deepslate":4,"minecraft:andesite":2,"minecraft:deepslate_iron_ore":8,"minecraft:rail":34,"minecraft:stone":81,"minecraft:kelp_plant":1,"minecraft:amethyst_cluster":2,"minecraft:crafting_table":7,"minecraft:torch":4,"minecraft:tall_grass":6,"minecraft:copper_ore":14,"minecraft:cobblestone":6,"minecraft:deepslate_gold_ore":4,"minecraft:oak_planks":1,"minecraft:diorite":11,"ars_nouveau:red_archwood_leaves":14,"minecraft:wall_torch":5,"minecraft:birch_log":12,"minecraft:grass":17,"minecraft:oak_log":34,"minecraft:coal_ore":108,"minecraft:gravel":1,"minecraft:sand":65,"minecraft:dirt":4,"minecraft:cobweb":8,"minecraft:oak_leaves":14,"minecraft:deepslate":22},"minecraft:dropped":{"minecraft:iron_sword":1,"minecraft:wheat_seeds":4,"minecraft:crafting_table":1,"travelersbackpack:bee":1,"minecraft:cobblestone":57,"minecraft:leather":64,"minecraft:granite":2,"travelersbackpack:iron_tier_upgrade":3,"travelersbackpack:standard":3,"travelersbackpack:wolf":1,"minecraft:stick":4,"minecraft:diorite":15,"travelersbackpack:blank_upgrade":3,"minecraft:string":127,"minecraft:birch_log":12,"minecraft:white_wool":9,"minecraft:smooth_basalt":1,"minecraft:gravel":16,"minecraft:cobbled_deepslate":22,"minecraft:rotten_flesh":6,"minecraft:oak_planks":1,"travelersbackpack:netherite_tier_upgrade":3,"travelersbackpack:diamond_tier_upgrade":3,"minecraft:salmon":1,"travelersbackpack:gold_tier_upgrade":3,"minecraft:gunpowder":1,"minecraft:andesite":4,"minecraft:oak_sapling":7,"minecraft:spider_eye":14}},"DataVersion":3465}