{"stats":{"minecraft:picked_up":{"minecraft:crafting_table":8,"minecraft:chicken":1,"ars_nouveau:bombegranate_pod":1,"minecraft:string":130,"minecraft:raw_copper":45,"minecraft:cobbled_deepslate":33,"minecraft:birch_sapling":8,"minecraft:furnace":4,"minecraft:egg":1,"minecraft:raw_iron":80,"minecraft:stick":20,"minecraft:oak_fence":2,"minecraft:torch":8,"tombstone:grave_dust":8,"minecraft:diorite":15,"minecraft:arrow":4,"minecraft:rotten_flesh":16,"minecraft:hay_block":33,"tombstone:essence_of_undeath":1,"minecraft:mutton":3,"minecraft:rail":34,"minecraft:white_wool":12,"minecraft:cobblestone":84,"minecraft:birch_log":24,"minecraft:andesite":8,"minecraft:salmon":1,"minecraft:potato":16,"minecraft:oak_log":34,"minecraft:gunpowder":1,"minecraft:dirt":19,"minecraft:bone":10,"minecraft:bow":1,"minecraft:wheat_seeds":2,"tombstone:bag_of_seeds":1,"minecraft:oak_planks":4,"minecraft:iron_sword":1,"minecraft:smooth_basalt":1,"minecraft:gravel":11,"minecraft:amethyst_shard":8,"minecraft:white_bed":3,"minecraft:spider_eye":14,"minecraft:granite":2,"minecraft:bread":7,"minecraft:oak_sapling":24,"minecraft:coal":164},"minecraft:broken":{"minecraft:stone_sword":1,"minecraft:wooden_pickaxe":1,"minecraft:stone_pickaxe":1},"minecraft:crafted":{"minecraft:oak_planks":28,"minecraft:cooked_chicken":1,"minecraft:furnace":1,"minecraft:cooked_mutton":3,"minecraft:bow":2,"minecraft:iron_boots":1,"minecraft:stone_pickaxe":1,"minecraft:coal_block":10,"minecraft:crafting_table":2,"minecraft:iron_helmet":1,"minecraft:wooden_pickaxe":1,"minecraft:baked_potato":14,"minecraft:iron_sword":1,"minecraft:bucket":1,"minecraft:stone_axe":1,"minecraft:air":0,"minecraft:iron_chestplate":1,"minecraft:shield":1,"minecraft:stick":12,"minecraft:iron_pickaxe":1,"minecraft:iron_ingot":76,"minecraft:stone_sword":1,"minecraft:iron_leggings":1,"minecraft:white_bed":1,"minecraft:torch":60,"minecraft:shears":1},"minecraft:used":{"minecraft:oak_fence":2,"minecraft:stone_sword":132,"minecraft:shield":27,"minecraft:iron_sword":51,"minecraft:cooked_chicken":1,"minecraft:rotten_flesh":18,"minecraft:torch":27,"minecraft:dirt":5,"ars_nouveau:bombegranate_pod":1,"minecraft:birch_sapling":8,"minecraft:iron_boots":1,"minecraft:oak_sapling":17,"minecraft:furnace":5,"tombstone:gift":3,"minecraft:egg":1,"minecraft:potato":5,"minecraft:cobbled_deepslate":15,"minecraft:cooked_mutton":2,"minecraft:water_bucket":25,"minecraft:stone_pickaxe":136,"minecraft:baked_potato":4,"minecraft:wooden_pickaxe":59,"minecraft:crafting_table":8,"minecraft:white_bed":3,"minecraft:shears":1,"tombstone:bag_of_seeds":2,"minecraft:bread":7,"minecraft:iron_pickaxe":175,"minecraft:stone_axe":102,"minecraft:cobblestone":6,"minecraft:bucket":26},"minecraft:killed":{"minecraft:cave_spider":4,"minecraft:spider":8,"minecraft:skeleton":9,"minecraft:chicken":1,"naturalist:bass":2,"minecraft:zombie_villager":1,"minecraft:salmon":2,"minecraft:bat":1,"naturalist:finch":2,"minecraft:zombie":16,"minecraft:glow_squid":1},"minecraft:custom":{"minecraft:mob_kills":48,"minecraft:interact_with_crafting_table":18,"minecraft:leave_game":2,"minecraft:time_since_death":74611,"minecraft:sprint_one_cm":131198,"minecraft:walk_one_cm":302676,"minecraft:damage_blocked_by_shield":720,"minecraft:drop":30,"minecraft:talked_to_villager":2,"minecraft:play_time":131078,"minecraft:deaths":4,"minecraft:sneak_time":6799,"minecraft:walk_under_water_one_cm":30279,"minecraft:boat_one_cm":41056,"minecraft:jump":793,"minecraft:walk_on_water_one_cm":24042,"minecraft:total_world_time":131078,"minecraft:interact_with_furnace":47,"minecraft:sleep_in_bed":1,"minecraft:time_since_rest":8313,"minecraft:damage_taken":2103,"minecraft:damage_dealt":8117,"minecraft:swim_one_cm":22676,"minecraft:fly_one_cm":93609,"minecraft:player_kills":1,"minecraft:open_chest":1,"minecraft:crouch_one_cm":16765,"tombstone:undead_killed":26,"minecraft:fall_one_cm":19707},"minecraft:mined":{"minecraft:white_bed":3,"minecraft:oak_sapling":1,"minecraft:granite":2,"minecraft:grass_block":5,"minecraft:kelp":1,"minecraft:hay_block":33,"minecraft:furnace":4,"minecraft:iron_ore":75,"minecraft:cobbled_deepslate":4,"minecraft:andesite":2,"minecraft:deepslate_iron_ore":5,"minecraft:rail":34,"minecraft:stone":74,"minecraft:kelp_plant":1,"minecraft:amethyst_cluster":2,"minecraft:crafting_table":7,"minecraft:torch":4,"minecraft:copper_ore":14,"minecraft:tall_grass":4,"minecraft:cobblestone":6,"minecraft:diorite":11,"ars_nouveau:red_archwood_leaves":14,"minecraft:wall_torch":4,"minecraft:birch_log":12,"minecraft:grass":13,"minecraft:coal_ore":108,"minecraft:oak_log":34,"minecraft:gravel":1,"minecraft:dirt":4,"minecraft:cobweb":8,"minecraft:oak_leaves":14,"minecraft:deepslate":20},"minecraft:dropped":{"minecraft:iron_sword":1,"minecraft:wheat_seeds":2,"minecraft:crafting_table":1,"minecraft:cobblestone":57,"minecraft:granite":2,"minecraft:stick":4,"minecraft:diorite":15,"minecraft:string":127,"minecraft:birch_log":12,"minecraft:white_wool":9,"minecraft:smooth_basalt":1,"minecraft:gravel":11,"minecraft:cobbled_deepslate":18,"minecraft:oak_planks":1,"minecraft:salmon":1,"minecraft:andesite":4,"minecraft:oak_sapling":7,"minecraft:spider_eye":14},"minecraft:killed_by":{"minecraft:zombie":1}},"DataVersion":3465}