{"stats":{"minecraft:mined":{"minecraft:white_bed":6,"minecraft:oak_sapling":1,"minecraft:cherry_log":39,"minecraft:cherry_sapling":1,"minecraft:brewing_stand":1,"minecraft:granite":2,"travelersbackpack:red_sleeping_bag":1,"minecraft:grass_block":231,"travelersbackpack:iron":2,"minecraft:kelp":1,"minecraft:hay_block":39,"minecraft:magma_block":1,"minecraft:furnace":5,"minecraft:iron_ore":90,"minecraft:cobbled_deepslate":4,"minecraft:andesite":2,"minecraft:azure_bluet":2,"minecraft:gold_block":1,"minecraft:deepslate_iron_ore":8,"minecraft:rail":34,"minecraft:stone":86,"minecraft:kelp_plant":1,"minecraft:amethyst_cluster":2,"minecraft:dandelion":1,"travelersbackpack:standard":2,"minecraft:crafting_table":7,"minecraft:torch":4,"minecraft:stone_slab":1,"minecraft:tall_grass":7,"minecraft:copper_ore":14,"minecraft:cobblestone":17,"minecraft:deepslate_gold_ore":4,"minecraft:oak_planks":1,"minecraft:diorite":11,"ars_nouveau:red_archwood_leaves":14,"minecraft:wall_torch":5,"minecraft:pink_petals":154,"minecraft:birch_log":12,"minecraft:stone_brick_stairs":3,"minecraft:grass":75,"minecraft:oak_log":34,"minecraft:coal_ore":108,"minecraft:gravel":1,"minecraft:sand":65,"minecraft:dirt":122,"minecraft:cobweb":8,"minecraft:netherrack":15,"minecraft:oak_leaves":14,"minecraft:deepslate":22},"minecraft:picked_up":{"minecraft:crafting_table":8,"minecraft:azure_bluet":13,"minecraft:chicken":1,"minecraft:stone_slab":1,"minecraft:gold_block":2,"ars_nouveau:bombegranate_pod":1,"minecraft:brewing_stand":1,"minecraft:string":137,"minecraft:raw_copper":45,"minecraft:cobbled_deepslate":37,"minecraft:beef":21,"minecraft:poppy":2,"minecraft:sugar_cane":2,"minecraft:birch_sapling":8,"minecraft:furnace":5,"minecraft:egg":1,"minecraft:stick":44,"minecraft:raw_iron":98,"minecraft:oak_fence":2,"travelersbackpack:netherite_tier_upgrade":3,"minecraft:torch":13,"travelersbackpack:iron_tier_upgrade":3,"travelersbackpack:diamond_tier_upgrade":3,"minecraft:cherry_log":51,"tombstone:grave_dust":10,"minecraft:diorite":15,"minecraft:carrot":6,"travelersbackpack:iron":2,"minecraft:stone_shovel":1,"minecraft:arrow":19,"minecraft:rotten_flesh":31,"minecraft:hay_block":39,"tombstone:essence_of_undeath":2,"minecraft:mutton":3,"minecraft:rail":34,"minecraft:white_wool":15,"minecraft:cobblestone":107,"minecraft:stripped_oak_log":2,"minecraft:birch_log":24,"minecraft:pink_petals":308,"minecraft:andesite":8,"minecraft:salmon":1,"minecraft:leather":75,"minecraft:potato":16,"minecraft:oak_log":34,"minecraft:gunpowder":3,"travelersbackpack:gold_tier_upgrade":3,"minecraft:dirt":432,"minecraft:glass":16,"minecraft:bone":16,"minecraft:bow":1,"minecraft:wheat_seeds":19,"minecraft:raw_gold":4,"minecraft:iron_ingot":3,"minecraft:stripped_oak_wood":1,"travelersbackpack:bee":1,"tombstone:bag_of_seeds":2,"minecraft:iron_sword":1,"minecraft:oak_planks":5,"travelersbackpack:blank_upgrade":3,"minecraft:smooth_basalt":1,"minecraft:dandelion":11,"minecraft:gravel":17,"minecraft:sand":90,"minecraft:amethyst_shard":8,"minecraft:white_bed":6,"minecraft:spider_eye":15,"minecraft:music_disc_mall":1,"travelersbackpack:wolf":1,"minecraft:bundle":3,"travelersbackpack:standard":5,"minecraft:slime_ball":1,"minecraft:granite":2,"minecraft:cherry_sapling":46,"minecraft:emerald":1,"minecraft:bread":7,"minecraft:oak_sapling":24,"minecraft:netherrack":1,"minecraft:coal":164},"minecraft:custom":{"minecraft:interact_with_smithing_table":14,"minecraft:mob_kills":104,"minecraft:interact_with_crafting_table":32,"minecraft:bell_ring":7,"minecraft:leave_game":6,"minecraft:time_since_death":52581,"minecraft:climb_one_cm":1768,"minecraft:sprint_one_cm":411310,"minecraft:walk_one_cm":653156,"minecraft:damage_blocked_by_shield":1220,"minecraft:drop":73,"minecraft:talked_to_villager":15,"minecraft:raid_win":1,"minecraft:play_time":276194,"minecraft:sneak_time":13277,"minecraft:deaths":7,"minecraft:walk_under_water_one_cm":63838,"minecraft:boat_one_cm":106828,"minecraft:jump":2484,"minecraft:walk_on_water_one_cm":43029,"minecraft:total_world_time":276194,"minecraft:interact_with_furnace":61,"tombstone:raider_killed":10,"minecraft:sleep_in_bed":7,"minecraft:time_since_rest":33045,"minecraft:damage_taken":4807,"minecraft:damage_dealt":18799,"minecraft:player_kills":2,"minecraft:swim_one_cm":47801,"minecraft:fly_one_cm":431992,"minecraft:open_chest":15,"minecraft:crouch_one_cm":29973,"tombstone:undead_killed":50,"tombstone:villager_killed":1,"minecraft:fall_one_cm":60388},"minecraft:killed":{"minecraft:cave_spider":4,"minecraft:vindicator":2,"minecraft:spider":13,"naturalist:snail":1,"minecraft:skeleton":20,"minecraft:chicken":1,"naturalist:bass":2,"minecraft:drowned":2,"minecraft:zombie_villager":1,"minecraft:salmon":2,"takesapillage:skirmisher":2,"minecraft:bat":1,"minecraft:wandering_trader":1,"minecraft:creeper":2,"naturalist:finch":2,"minecraft:pillager":5,"minecraft:zombie":27,"minecraft:glow_squid":1,"takesapillage:archer":1,"minecraft:cow":11},"minecraft:crafted":{"minecraft:oak_planks":44,"minecraft:stone_shovel":1,"travelersbackpack:iron":1,"minecraft:coal":9,"minecraft:cooked_chicken":1,"minecraft:furnace":2,"minecraft:cooked_mutton":3,"minecraft:bow":2,"minecraft:iron_boots":1,"minecraft:iron_axe":1,"minecraft:stone_pickaxe":1,"minecraft:chest":1,"minecraft:wheat":279,"minecraft:cooked_beef":15,"minecraft:coal_block":10,"travelersbackpack:iron_tier_upgrade":1,"minecraft:crafting_table":3,"minecraft:iron_helmet":1,"minecraft:wooden_pickaxe":1,"minecraft:baked_potato":14,"minecraft:iron_sword":3,"minecraft:bucket":1,"minecraft:hay_block":20,"minecraft:stone_axe":1,"minecraft:bread":33,"minecraft:air":0,"minecraft:iron_chestplate":1,"minecraft:shield":1,"minecraft:iron_shovel":1,"minecraft:stick":20,"minecraft:iron_ingot":84,"minecraft:iron_pickaxe":3,"minecraft:stone_sword":1,"minecraft:iron_leggings":1,"minecraft:gold_ingot":4,"minecraft:white_bed":1,"minecraft:torch":60,"minecraft:shears":1},"minecraft:broken":{"minecraft:iron_shovel":1,"minecraft:stone_sword":1,"minecraft:wooden_pickaxe":1,"minecraft:stone_pickaxe":1,"minecraft:iron_pickaxe":1,"minecraft:iron_helmet":1,"minecraft:stone_shovel":1},"minecraft:used":{"minecraft:oak_fence":2,"minecraft:cherry_sapling":8,"minecraft:iron_shovel":256,"minecraft:stone_sword":132,"minecraft:stone_shovel":139,"minecraft:poppy":2,"minecraft:chest":1,"minecraft:shield":47,"minecraft:iron_sword":258,"minecraft:cooked_chicken":1,"minecraft:rotten_flesh":18,"minecraft:torch":29,"minecraft:dirt":90,"travelersbackpack:iron":18,"ars_nouveau:bombegranate_pod":1,"minecraft:iron_axe":48,"minecraft:birch_sapling":8,"minecraft:iron_boots":1,"minecraft:bow":2,"minecraft:oak_sapling":17,"minecraft:furnace":6,"tombstone:gift":8,"minecraft:egg":1,"minecraft:cooked_beef":15,"minecraft:potato":5,"minecraft:cobbled_deepslate":15,"minecraft:cooked_mutton":3,"minecraft:water_bucket":63,"minecraft:stone_pickaxe":136,"minecraft:baked_potato":11,"minecraft:wooden_pickaxe":59,"minecraft:sand":1,"minecraft:crafting_table":9,"minecraft:white_bed":5,"travelersbackpack:wolf":1,"minecraft:shears":1,"tombstone:bag_of_seeds":2,"minecraft:bread":19,"minecraft:iron_pickaxe":248,"minecraft:gravel":1,"minecraft:pink_petals":6,"minecraft:stone_axe":118,"minecraft:cobblestone":6,"travelersbackpack:standard":13,"minecraft:stripped_oak_wood":1,"minecraft:bucket":64},"minecraft:killed_by":{"minecraft:player":1,"takesapillage:skirmisher":1,"minecraft:zombie":1},"minecraft:dropped":{"minecraft:iron_sword":1,"minecraft:wheat_seeds":7,"minecraft:crafting_table":1,"travelersbackpack:bee":1,"minecraft:cobblestone":57,"minecraft:leather":64,"minecraft:granite":2,"travelersbackpack:iron_tier_upgrade":3,"travelersbackpack:standard":3,"travelersbackpack:wolf":1,"minecraft:stick":4,"minecraft:diorite":15,"travelersbackpack:blank_upgrade":3,"minecraft:string":127,"minecraft:birch_log":12,"minecraft:white_wool":9,"minecraft:smooth_basalt":1,"minecraft:gravel":16,"minecraft:stone_axe":1,"minecraft:cobbled_deepslate":22,"minecraft:stone_shovel":1,"minecraft:rotten_flesh":10,"minecraft:oak_planks":1,"travelersbackpack:netherite_tier_upgrade":3,"minecraft:stone_slab":1,"travelersbackpack:diamond_tier_upgrade":3,"minecraft:salmon":1,"travelersbackpack:gold_tier_upgrade":3,"minecraft:hay_block":2,"minecraft:gunpowder":1,"minecraft:andesite":4,"minecraft:oak_sapling":7,"minecraft:spider_eye":14,"minecraft:netherrack":1}},"DataVersion":3465}