{"stats":{"minecraft:used":{"minecraft:oak_fence":2,"minecraft:stone_sword":132,"minecraft:chest":1,"minecraft:shield":32,"minecraft:iron_sword":92,"minecraft:cooked_chicken":1,"minecraft:rotten_flesh":18,"minecraft:torch":29,"minecraft:dirt":22,"ars_nouveau:bombegranate_pod":1,"minecraft:birch_sapling":8,"minecraft:iron_boots":1,"minecraft:furnace":6,"minecraft:oak_sapling":17,"tombstone:gift":3,"minecraft:egg":1,"minecraft:potato":5,"minecraft:cobbled_deepslate":15,"minecraft:cooked_mutton":3,"minecraft:water_bucket":62,"minecraft:stone_pickaxe":136,"minecraft:baked_potato":9,"minecraft:wooden_pickaxe":59,"minecraft:crafting_table":9,"minecraft:white_bed":4,"minecraft:shears":1,"tombstone:bag_of_seeds":2,"minecraft:bread":7,"minecraft:iron_pickaxe":209,"minecraft:stone_axe":118,"minecraft:cobblestone":6,"minecraft:bucket":63},"minecraft:custom":{"minecraft:interact_with_smithing_table":2,"minecraft:mob_kills":64,"minecraft:interact_with_crafting_table":22,"minecraft:bell_ring":7,"minecraft:leave_game":2,"minecraft:time_since_death":111532,"minecraft:sprint_one_cm":204511,"minecraft:walk_one_cm":375237,"minecraft:damage_blocked_by_shield":860,"minecraft:drop":38,"minecraft:talked_to_villager":6,"minecraft:play_time":167999,"minecraft:deaths":4,"minecraft:sneak_time":9891,"minecraft:walk_under_water_one_cm":48279,"minecraft:boat_one_cm":41056,"minecraft:jump":1280,"minecraft:walk_on_water_one_cm":31871,"minecraft:total_world_time":167999,"minecraft:interact_with_furnace":51,"minecraft:sleep_in_bed":4,"minecraft:time_since_rest":872,"minecraft:damage_taken":2338,"minecraft:damage_dealt":11021,"minecraft:swim_one_cm":26462,"minecraft:fly_one_cm":200820,"minecraft:player_kills":1,"minecraft:open_chest":4,"minecraft:crouch_one_cm":23596,"tombstone:undead_killed":32,"minecraft:fall_one_cm":31720},"minecraft:dropped":{"minecraft:iron_sword":1,"minecraft:wheat_seeds":4,"minecraft:crafting_table":1,"minecraft:cobblestone":57,"minecraft:granite":2,"minecraft:stick":4,"minecraft:diorite":15,"minecraft:string":127,"minecraft:birch_log":12,"minecraft:white_wool":9,"minecraft:smooth_basalt":1,"minecraft:gravel":16,"minecraft:cobbled_deepslate":22,"minecraft:rotten_flesh":4,"minecraft:oak_planks":1,"minecraft:salmon":1,"minecraft:gunpowder":1,"minecraft:andesite":4,"minecraft:oak_sapling":7,"minecraft:spider_eye":14},"minecraft:picked_up":{"minecraft:crafting_table":8,"minecraft:chicken":1,"ars_nouveau:bombegranate_pod":1,"minecraft:string":131,"minecraft:raw_copper":45,"minecraft:cobbled_deepslate":37,"minecraft:beef":15,"minecraft:birch_sapling":8,"minecraft:egg":1,"minecraft:furnace":4,"minecraft:raw_iron":98,"minecraft:stick":20,"minecraft:oak_fence":2,"minecraft:torch":9,"tombstone:grave_dust":8,"minecraft:diorite":15,"minecraft:arrow":6,"minecraft:rotten_flesh":20,"minecraft:hay_block":33,"tombstone:essence_of_undeath":1,"minecraft:mutton":3,"minecraft:white_wool":15,"minecraft:rail":34,"minecraft:cobblestone":91,"minecraft:birch_log":24,"minecraft:salmon":1,"minecraft:andesite":8,"minecraft:leather":10,"minecraft:potato":16,"minecraft:oak_log":34,"minecraft:gunpowder":2,"minecraft:dirt":36,"minecraft:bone":10,"minecraft:bow":1,"minecraft:wheat_seeds":4,"minecraft:raw_gold":4,"tombstone:bag_of_seeds":1,"minecraft:oak_planks":5,"minecraft:iron_sword":1,"minecraft:smooth_basalt":1,"minecraft:gravel":16,"minecraft:sand":23,"minecraft:amethyst_shard":8,"minecraft:white_bed":3,"minecraft:spider_eye":14,"minecraft:bundle":1,"minecraft:granite":2,"minecraft:bread":7,"minecraft:oak_sapling":24,"minecraft:coal":164},"minecraft:killed_by":{"minecraft:zombie":1},"minecraft:mined":{"minecraft:white_bed":3,"minecraft:oak_sapling":1,"minecraft:granite":2,"minecraft:grass_block":5,"minecraft:kelp":1,"minecraft:hay_block":33,"minecraft:furnace":4,"minecraft:iron_ore":90,"minecraft:cobbled_deepslate":4,"minecraft:andesite":2,"minecraft:deepslate_iron_ore":8,"minecraft:rail":34,"minecraft:stone":81,"minecraft:kelp_plant":1,"minecraft:amethyst_cluster":2,"minecraft:crafting_table":7,"minecraft:torch":4,"minecraft:tall_grass":6,"minecraft:copper_ore":14,"minecraft:cobblestone":6,"minecraft:deepslate_gold_ore":4,"minecraft:oak_planks":1,"minecraft:diorite":11,"ars_nouveau:red_archwood_leaves":14,"minecraft:wall_torch":5,"minecraft:birch_log":12,"minecraft:grass":15,"minecraft:oak_log":34,"minecraft:coal_ore":108,"minecraft:gravel":1,"minecraft:sand":23,"minecraft:dirt":4,"minecraft:cobweb":8,"minecraft:oak_leaves":14,"minecraft:deepslate":22},"minecraft:killed":{"minecraft:cave_spider":4,"minecraft:spider":9,"minecraft:skeleton":11,"minecraft:chicken":1,"naturalist:bass":2,"minecraft:zombie_villager":1,"minecraft:salmon":2,"minecraft:bat":1,"minecraft:creeper":1,"naturalist:finch":2,"minecraft:zombie":20,"minecraft:glow_squid":1,"minecraft:cow":8},"minecraft:broken":{"minecraft:stone_sword":1,"minecraft:wooden_pickaxe":1,"minecraft:stone_pickaxe":1},"minecraft:crafted":{"minecraft:oak_planks":44,"minecraft:coal":9,"minecraft:cooked_chicken":1,"minecraft:furnace":2,"minecraft:cooked_mutton":3,"minecraft:bow":2,"minecraft:iron_boots":1,"minecraft:stone_pickaxe":1,"minecraft:chest":1,"minecraft:coal_block":10,"minecraft:crafting_table":3,"minecraft:wooden_pickaxe":1,"minecraft:baked_potato":14,"minecraft:iron_helmet":1,"minecraft:iron_sword":1,"minecraft:bucket":1,"minecraft:stone_axe":1,"minecraft:air":0,"minecraft:iron_chestplate":1,"minecraft:shield":1,"minecraft:stick":20,"minecraft:iron_pickaxe":3,"minecraft:iron_ingot":84,"minecraft:stone_sword":1,"minecraft:gold_ingot":4,"minecraft:iron_leggings":1,"minecraft:white_bed":1,"minecraft:torch":60,"minecraft:shears":1}},"DataVersion":3465}